Issue event at Tue Aug 12 03:41:30 UTC 2025
Issue event at Tue Aug 12 06:17:57 UTC 2025
Issue event at Thu Aug 28 02:54:17 UTC 2025
Issue event at Thu Aug 28 02:56:19 UTC 2025
Issue event at Thu Aug 28 02:59:40 UTC 2025
Issue event at Fri Sep  5 07:13:51 UTC 2025
Issue event at Wed Oct 22 02:49:06 UTC 2025
Issue event at Wed Oct 22 03:51:01 UTC 2025
Issue event at Wed Oct 22 06:15:27 UTC 2025
Issue event at Mon Oct 27 03:23:02 UTC 2025
Issue event at Mon Oct 27 03:23:27 UTC 2025
Issue event at Mon Oct 27 03:53:08 UTC 2025
Issue event at Mon Oct 27 04:27:08 UTC 2025
Issue event at Wed Nov 12 03:52:58 UTC 2025
Issue event at Wed Nov 12 05:58:11 UTC 2025
Issue event at Tue Nov 18 00:13:42 UTC 2025
Issue event at Thu Nov 20 05:04:12 UTC 2025
Issue event at Tue Nov 25 02:13:46 UTC 2025
Issue event at Tue Nov 25 02:15:19 UTC 2025
Issue event at Sat Dec 27 13:34:23 UTC 2025
Issue event at Sat Dec 27 13:48:19 UTC 2025
Issue event at Sat Dec 27 14:11:14 UTC 2025
